--------------------------------------------------------
--  파일이 생성됨 - 금요일-7월-05-2019   
--------------------------------------------------------
DROP TABLE "MYORACLE"."BUYER" cascade constraints;
DROP TABLE "MYORACLE"."COMMISSION" cascade constraints;
DROP TABLE "MYORACLE"."ITEM" cascade constraints;
DROP TABLE "MYORACLE"."SELLER" cascade constraints;
--------------------------------------------------------
--  DDL for Table BUYER
--------------------------------------------------------

  CREATE TABLE "MYORACLE"."BUYER" 
   (	"B_ID" NUMBER(10,0), 
	"B_NAME" VARCHAR2(20 BYTE), 
	"B_TEL" VARCHAR2(15 BYTE), 
	"B_EMAIL" VARCHAR2(20 BYTE), 
	"B_GRADE" VARCHAR2(10 BYTE), 
	"B_ACCOUNT" NUMBER(20,0)
   ) SEGMENT CREATION IMMEDIATE 
  PCTFREE 10 PCTUSED 40 INITRANS 1 MAXTRANS 255 NOCOMPRESS LOGGING
  STORAGE(INITIAL 65536 NEXT 1048576 MINEXTENTS 1 MAXEXTENTS 2147483645
  PCTINCREASE 0 FREELISTS 1 FREELIST GROUPS 1 BUFFER_POOL DEFAULT FLASH_CACHE DEFAULT CELL_FLASH_CACHE DEFAULT)
  TABLESPACE "USERS" ;
--------------------------------------------------------
--  DDL for Table COMMISSION
--------------------------------------------------------

  CREATE TABLE "MYORACLE"."COMMISSION" 
   (	"P_ID" NUMBER(10,0), 
	"C_DATE" VARCHAR2(30 BYTE), 
	"B_ID" NUMBER(10,0), 
	"S_ID" NUMBER(10,0), 
	"C_PRICE" NUMBER(10,0)
   ) SEGMENT CREATION IMMEDIATE 
  PCTFREE 10 PCTUSED 40 INITRANS 1 MAXTRANS 255 NOCOMPRESS LOGGING
  STORAGE(INITIAL 65536 NEXT 1048576 MINEXTENTS 1 MAXEXTENTS 2147483645
  PCTINCREASE 0 FREELISTS 1 FREELIST GROUPS 1 BUFFER_POOL DEFAULT FLASH_CACHE DEFAULT CELL_FLASH_CACHE DEFAULT)
  TABLESPACE "USERS" ;
--------------------------------------------------------
--  DDL for Table ITEM
--------------------------------------------------------

  CREATE TABLE "MYORACLE"."ITEM" 
   (	"P_ID" NUMBER(10,0), 
	"S_ID" NUMBER(10,0), 
	"P_NAME" VARCHAR2(15 BYTE), 
	"P_YEAR" VARCHAR2(20 BYTE), 
	"P_PRICE" NUMBER(10,0), 
	"P_GRADE" VARCHAR2(10 BYTE), 
	"P_SALES" VARCHAR2(15 BYTE), 
	"B_ID" NUMBER(10,0)
   ) SEGMENT CREATION IMMEDIATE 
  PCTFREE 10 PCTUSED 40 INITRANS 1 MAXTRANS 255 NOCOMPRESS LOGGING
  STORAGE(INITIAL 65536 NEXT 1048576 MINEXTENTS 1 MAXEXTENTS 2147483645
  PCTINCREASE 0 FREELISTS 1 FREELIST GROUPS 1 BUFFER_POOL DEFAULT FLASH_CACHE DEFAULT CELL_FLASH_CACHE DEFAULT)
  TABLESPACE "USERS" ;
--------------------------------------------------------
--  DDL for Table SELLER
--------------------------------------------------------

  CREATE TABLE "MYORACLE"."SELLER" 
   (	"S_ID" NUMBER(10,0), 
	"S_NAME" VARCHAR2(20 BYTE), 
	"S_TEL" VARCHAR2(15 BYTE), 
	"S_EMAIL" VARCHAR2(20 BYTE), 
	"S_GRADE" VARCHAR2(10 BYTE), 
	"S_ACCOUNT" NUMBER(20,0)
   ) SEGMENT CREATION IMMEDIATE 
  PCTFREE 10 PCTUSED 40 INITRANS 1 MAXTRANS 255 NOCOMPRESS LOGGING
  STORAGE(INITIAL 65536 NEXT 1048576 MINEXTENTS 1 MAXEXTENTS 2147483645
  PCTINCREASE 0 FREELISTS 1 FREELIST GROUPS 1 BUFFER_POOL DEFAULT FLASH_CACHE DEFAULT CELL_FLASH_CACHE DEFAULT)
  TABLESPACE "USERS" ;
REM INSERTING into MYORACLE.BUYER
SET DEFINE OFF;
Insert into MYORACLE.BUYER (B_ID,B_NAME,B_TEL,B_EMAIL,B_GRADE,B_ACCOUNT) values (2727,'박미래','010-2142-2121',null,null,4242342);
Insert into MYORACLE.BUYER (B_ID,B_NAME,B_TEL,B_EMAIL,B_GRADE,B_ACCOUNT) values (2745,'강현서','010-5213-4212',null,null,4242131);
Insert into MYORACLE.BUYER (B_ID,B_NAME,B_TEL,B_EMAIL,B_GRADE,B_ACCOUNT) values (2345,'김다슬','010-752-4511',null,null,4234243);
Insert into MYORACLE.BUYER (B_ID,B_NAME,B_TEL,B_EMAIL,B_GRADE,B_ACCOUNT) values (2677,'김하늘','011-5421-1275',null,null,4213422);
Insert into MYORACLE.BUYER (B_ID,B_NAME,B_TEL,B_EMAIL,B_GRADE,B_ACCOUNT) values (2965,'참이슬','011-9852-7788',null,null,4875456);
Insert into MYORACLE.BUYER (B_ID,B_NAME,B_TEL,B_EMAIL,B_GRADE,B_ACCOUNT) values (2325,'강아지','010-127-1324',null,null,4212313);
Insert into MYORACLE.BUYER (B_ID,B_NAME,B_TEL,B_EMAIL,B_GRADE,B_ACCOUNT) values (2851,'이장훈','010-1324-7551',null,null,4975441);
Insert into MYORACLE.BUYER (B_ID,B_NAME,B_TEL,B_EMAIL,B_GRADE,B_ACCOUNT) values (2915,'정사랑','010-7511-5477',null,null,4324174);
Insert into MYORACLE.BUYER (B_ID,B_NAME,B_TEL,B_EMAIL,B_GRADE,B_ACCOUNT) values (2347,'하지은','010-9632-2124',null,null,4787454);
Insert into MYORACLE.BUYER (B_ID,B_NAME,B_TEL,B_EMAIL,B_GRADE,B_ACCOUNT) values (2156,'정다현','010-7512-1235',null,null,4132755);
Insert into MYORACLE.BUYER (B_ID,B_NAME,B_TEL,B_EMAIL,B_GRADE,B_ACCOUNT) values (2432,'이요섭','010-8612-2132',null,null,4751233);
Insert into MYORACLE.BUYER (B_ID,B_NAME,B_TEL,B_EMAIL,B_GRADE,B_ACCOUNT) values (2961,'안정이','010-9465-1231',null,null,4335657);
Insert into MYORACLE.BUYER (B_ID,B_NAME,B_TEL,B_EMAIL,B_GRADE,B_ACCOUNT) values (2122,'송나영','010-752-4511',null,null,4224564);
Insert into MYORACLE.BUYER (B_ID,B_NAME,B_TEL,B_EMAIL,B_GRADE,B_ACCOUNT) values (2723,'하지현','011-5421-1275',null,null,4222465);
Insert into MYORACLE.BUYER (B_ID,B_NAME,B_TEL,B_EMAIL,B_GRADE,B_ACCOUNT) values (2133,'임미현','011-9852-7788',null,null,4295455);
Insert into MYORACLE.BUYER (B_ID,B_NAME,B_TEL,B_EMAIL,B_GRADE,B_ACCOUNT) values (2144,'차주연','010-127-1324',null,null,4235465);
Insert into MYORACLE.BUYER (B_ID,B_NAME,B_TEL,B_EMAIL,B_GRADE,B_ACCOUNT) values (2555,'차미래','010-1324-7551',null,null,4654412);
Insert into MYORACLE.BUYER (B_ID,B_NAME,B_TEL,B_EMAIL,B_GRADE,B_ACCOUNT) values (2556,'김태균','010-7511-5477',null,null,4656723);
Insert into MYORACLE.BUYER (B_ID,B_NAME,B_TEL,B_EMAIL,B_GRADE,B_ACCOUNT) values (2557,'이미숙','010-9632-2124',null,null,4753112);
Insert into MYORACLE.BUYER (B_ID,B_NAME,B_TEL,B_EMAIL,B_GRADE,B_ACCOUNT) values (2348,'김도희','010-7512-1235',null,null,4345687);
REM INSERTING into MYORACLE.COMMISSION
SET DEFINE OFF;
Insert into MYORACLE.COMMISSION (P_ID,C_DATE,B_ID,S_ID,C_PRICE) values (30002,'2019-07-04',2727,5432,710000);
Insert into MYORACLE.COMMISSION (P_ID,C_DATE,B_ID,S_ID,C_PRICE) values (30001,'2019-07-04',2727,5412,132000);
REM INSERTING into MYORACLE.ITEM
SET DEFINE OFF;
Insert into MYORACLE.ITEM (P_ID,S_ID,P_NAME,P_YEAR,P_PRICE,P_GRADE,P_SALES,B_ID) values (30001,5412,'카니발R','9',6600000,'A','거래완료',2727);
Insert into MYORACLE.ITEM (P_ID,S_ID,P_NAME,P_YEAR,P_PRICE,P_GRADE,P_SALES,B_ID) values (30002,5432,'아우디A7','14',35500000,'A','거래완료',2727);
Insert into MYORACLE.ITEM (P_ID,S_ID,P_NAME,P_YEAR,P_PRICE,P_GRADE,P_SALES,B_ID) values (30003,5485,'지프랭글러','7',18000000,null,null,null);
Insert into MYORACLE.ITEM (P_ID,S_ID,P_NAME,P_YEAR,P_PRICE,P_GRADE,P_SALES,B_ID) values (30004,5422,'기아 올뉴쏘렌토','5',19900000,null,null,null);
Insert into MYORACLE.ITEM (P_ID,S_ID,P_NAME,P_YEAR,P_PRICE,P_GRADE,P_SALES,B_ID) values (30006,5457,'뉴SM3(신형)','8',5100000,null,null,null);
Insert into MYORACLE.ITEM (P_ID,S_ID,P_NAME,P_YEAR,P_PRICE,P_GRADE,P_SALES,B_ID) values (30007,5465,'올란도','7',6700000,null,null,null);
Insert into MYORACLE.ITEM (P_ID,S_ID,P_NAME,P_YEAR,P_PRICE,P_GRADE,P_SALES,B_ID) values (30008,5466,'벤츠S클래스','7',11300000,null,null,null);
Insert into MYORACLE.ITEM (P_ID,S_ID,P_NAME,P_YEAR,P_PRICE,P_GRADE,P_SALES,B_ID) values (30009,5402,'스포티지R','8',9100000,null,null,null);
Insert into MYORACLE.ITEM (P_ID,S_ID,P_NAME,P_YEAR,P_PRICE,P_GRADE,P_SALES,B_ID) values (30010,5437,'포터2 카고','8',7000000,null,null,null);
Insert into MYORACLE.ITEM (P_ID,S_ID,P_NAME,P_YEAR,P_PRICE,P_GRADE,P_SALES,B_ID) values (30011,5400,'G4렉스턴','1',38000000,null,null,null);
Insert into MYORACLE.ITEM (P_ID,S_ID,P_NAME,P_YEAR,P_PRICE,P_GRADE,P_SALES,B_ID) values (30012,5477,'렉스턴W RX7 4륜','6',7900000,null,null,null);
Insert into MYORACLE.ITEM (P_ID,S_ID,P_NAME,P_YEAR,P_PRICE,P_GRADE,P_SALES,B_ID) values (30016,5411,'투싼iX','7',8600000,null,null,null);
Insert into MYORACLE.ITEM (P_ID,S_ID,P_NAME,P_YEAR,P_PRICE,P_GRADE,P_SALES,B_ID) values (30017,5413,'그랜저IG','2',22900000,null,null,null);
Insert into MYORACLE.ITEM (P_ID,S_ID,P_NAME,P_YEAR,P_PRICE,P_GRADE,P_SALES,B_ID) values (30018,5478,'스팅어','2',35900000,null,null,null);
Insert into MYORACLE.ITEM (P_ID,S_ID,P_NAME,P_YEAR,P_PRICE,P_GRADE,P_SALES,B_ID) values (30019,5424,'티볼리 1.6LX','3',8990000,null,null,null);
Insert into MYORACLE.ITEM (P_ID,S_ID,P_NAME,P_YEAR,P_PRICE,P_GRADE,P_SALES,B_ID) values (30020,5429,'로디우스RD400','12',5000000,null,null,null);
REM INSERTING into MYORACLE.SELLER
SET DEFINE OFF;
Insert into MYORACLE.SELLER (S_ID,S_NAME,S_TEL,S_EMAIL,S_GRADE,S_ACCOUNT) values (5412,'김연아','010-3333-3333','youna@naver.com',null,4021320);
Insert into MYORACLE.SELLER (S_ID,S_NAME,S_TEL,S_EMAIL,S_GRADE,S_ACCOUNT) values (5432,'태극기','010-4444-4444',null,null,4421210);
Insert into MYORACLE.SELLER (S_ID,S_NAME,S_TEL,S_EMAIL,S_GRADE,S_ACCOUNT) values (5485,'소지섭','010-5555-5555',null,null,4034215);
Insert into MYORACLE.SELLER (S_ID,S_NAME,S_TEL,S_EMAIL,S_GRADE,S_ACCOUNT) values (5422,'주지훈','010-6666-6666',null,null,4024812);
Insert into MYORACLE.SELLER (S_ID,S_NAME,S_TEL,S_EMAIL,S_GRADE,S_ACCOUNT) values (5488,'안효섭','010-7777-7777',null,null,4027112);
Insert into MYORACLE.SELLER (S_ID,S_NAME,S_TEL,S_EMAIL,S_GRADE,S_ACCOUNT) values (5457,'바다','010-8888-8888',null,null,4034855);
Insert into MYORACLE.SELLER (S_ID,S_NAME,S_TEL,S_EMAIL,S_GRADE,S_ACCOUNT) values (5465,'박보영','010-9999-9999',null,null,4038115);
Insert into MYORACLE.SELLER (S_ID,S_NAME,S_TEL,S_EMAIL,S_GRADE,S_ACCOUNT) values (5466,'세븐','010-2222-2222',null,null,4245215);
Insert into MYORACLE.SELLER (S_ID,S_NAME,S_TEL,S_EMAIL,S_GRADE,S_ACCOUNT) values (5402,'한서현','010-1111-1111',null,null,4107728);
Insert into MYORACLE.SELLER (S_ID,S_NAME,S_TEL,S_EMAIL,S_GRADE,S_ACCOUNT) values (5437,'김지은','010-0000-0000',null,null,4111204);
Insert into MYORACLE.SELLER (S_ID,S_NAME,S_TEL,S_EMAIL,S_GRADE,S_ACCOUNT) values (5400,'서장훈','010-1111-2222',null,null,4124214);
Insert into MYORACLE.SELLER (S_ID,S_NAME,S_TEL,S_EMAIL,S_GRADE,S_ACCOUNT) values (5477,'김소라','010-2222-1111',null,null,4045454);
Insert into MYORACLE.SELLER (S_ID,S_NAME,S_TEL,S_EMAIL,S_GRADE,S_ACCOUNT) values (5410,'김진수','010-5555-1111',null,null,4002132);
Insert into MYORACLE.SELLER (S_ID,S_NAME,S_TEL,S_EMAIL,S_GRADE,S_ACCOUNT) values (5415,'안지영','010-5555-2222',null,null,4004213);
Insert into MYORACLE.SELLER (S_ID,S_NAME,S_TEL,S_EMAIL,S_GRADE,S_ACCOUNT) values (5418,'추기훈','010-5555-3333',null,null,4007512);
Insert into MYORACLE.SELLER (S_ID,S_NAME,S_TEL,S_EMAIL,S_GRADE,S_ACCOUNT) values (5411,'양승우','010-5555-4444',null,null,4009541);
Insert into MYORACLE.SELLER (S_ID,S_NAME,S_TEL,S_EMAIL,S_GRADE,S_ACCOUNT) values (5413,'이승우','010-5555-6666',null,null,4001234);
Insert into MYORACLE.SELLER (S_ID,S_NAME,S_TEL,S_EMAIL,S_GRADE,S_ACCOUNT) values (5478,'이진택','010-5555-7777',null,null,4106435);
Insert into MYORACLE.SELLER (S_ID,S_NAME,S_TEL,S_EMAIL,S_GRADE,S_ACCOUNT) values (5424,'정상호','010-5555-8888',null,null,4107846);
Insert into MYORACLE.SELLER (S_ID,S_NAME,S_TEL,S_EMAIL,S_GRADE,S_ACCOUNT) values (5429,'이자현','010-5555-9999',null,null,4104116);
--------------------------------------------------------
--  DDL for Index PK_B_ID
--------------------------------------------------------

  CREATE UNIQUE INDEX "MYORACLE"."PK_B_ID" ON "MYORACLE"."BUYER" ("B_ID") 
  PCTFREE 10 INITRANS 2 MAXTRANS 255 
  STORAGE(INITIAL 65536 NEXT 1048576 MINEXTENTS 1 MAXEXTENTS 2147483645
  PCTINCREASE 0 FREELISTS 1 FREELIST GROUPS 1 BUFFER_POOL DEFAULT FLASH_CACHE DEFAULT CELL_FLASH_CACHE DEFAULT)
  TABLESPACE "USERS" ;
--------------------------------------------------------
--  DDL for Index PK_C_ID
--------------------------------------------------------

  CREATE UNIQUE INDEX "MYORACLE"."PK_C_ID" ON "MYORACLE"."COMMISSION" ("P_ID") 
  PCTFREE 10 INITRANS 2 MAXTRANS 255 
  STORAGE(INITIAL 65536 NEXT 1048576 MINEXTENTS 1 MAXEXTENTS 2147483645
  PCTINCREASE 0 FREELISTS 1 FREELIST GROUPS 1 BUFFER_POOL DEFAULT FLASH_CACHE DEFAULT CELL_FLASH_CACHE DEFAULT)
  TABLESPACE "USERS" ;
--------------------------------------------------------
--  DDL for Index PK_P_ID
--------------------------------------------------------

  CREATE UNIQUE INDEX "MYORACLE"."PK_P_ID" ON "MYORACLE"."ITEM" ("P_ID") 
  PCTFREE 10 INITRANS 2 MAXTRANS 255 
  STORAGE(INITIAL 65536 NEXT 1048576 MINEXTENTS 1 MAXEXTENTS 2147483645
  PCTINCREASE 0 FREELISTS 1 FREELIST GROUPS 1 BUFFER_POOL DEFAULT FLASH_CACHE DEFAULT CELL_FLASH_CACHE DEFAULT)
  TABLESPACE "USERS" ;
--------------------------------------------------------
--  DDL for Index PK_S_ID
--------------------------------------------------------

  CREATE UNIQUE INDEX "MYORACLE"."PK_S_ID" ON "MYORACLE"."SELLER" ("S_ID") 
  PCTFREE 10 INITRANS 2 MAXTRANS 255 
  STORAGE(INITIAL 65536 NEXT 1048576 MINEXTENTS 1 MAXEXTENTS 2147483645
  PCTINCREASE 0 FREELISTS 1 FREELIST GROUPS 1 BUFFER_POOL DEFAULT FLASH_CACHE DEFAULT CELL_FLASH_CACHE DEFAULT)
  TABLESPACE "USERS" ;
--------------------------------------------------------
--  Constraints for Table BUYER
--------------------------------------------------------

  ALTER TABLE "MYORACLE"."BUYER" ADD CONSTRAINT "PK_B_ID" PRIMARY KEY ("B_ID")
  USING INDEX PCTFREE 10 INITRANS 2 MAXTRANS 255 
  STORAGE(INITIAL 65536 NEXT 1048576 MINEXTENTS 1 MAXEXTENTS 2147483645
  PCTINCREASE 0 FREELISTS 1 FREELIST GROUPS 1 BUFFER_POOL DEFAULT FLASH_CACHE DEFAULT CELL_FLASH_CACHE DEFAULT)
  TABLESPACE "USERS"  ENABLE;
 
  ALTER TABLE "MYORACLE"."BUYER" MODIFY ("B_ID" NOT NULL ENABLE);
 
  ALTER TABLE "MYORACLE"."BUYER" MODIFY ("B_NAME" NOT NULL ENABLE);
 
  ALTER TABLE "MYORACLE"."BUYER" MODIFY ("B_TEL" NOT NULL ENABLE);
 
  ALTER TABLE "MYORACLE"."BUYER" MODIFY ("B_ACCOUNT" NOT NULL ENABLE);
--------------------------------------------------------
--  Constraints for Table COMMISSION
--------------------------------------------------------

  ALTER TABLE "MYORACLE"."COMMISSION" ADD CONSTRAINT "PK_C_ID" PRIMARY KEY ("P_ID")
  USING INDEX PCTFREE 10 INITRANS 2 MAXTRANS 255 
  STORAGE(INITIAL 65536 NEXT 1048576 MINEXTENTS 1 MAXEXTENTS 2147483645
  PCTINCREASE 0 FREELISTS 1 FREELIST GROUPS 1 BUFFER_POOL DEFAULT FLASH_CACHE DEFAULT CELL_FLASH_CACHE DEFAULT)
  TABLESPACE "USERS"  ENABLE;
 
  ALTER TABLE "MYORACLE"."COMMISSION" MODIFY ("P_ID" NOT NULL ENABLE);
 
  ALTER TABLE "MYORACLE"."COMMISSION" MODIFY ("C_DATE" NOT NULL ENABLE);
 
  ALTER TABLE "MYORACLE"."COMMISSION" MODIFY ("B_ID" NOT NULL ENABLE);
 
  ALTER TABLE "MYORACLE"."COMMISSION" MODIFY ("S_ID" NOT NULL ENABLE);
 
  ALTER TABLE "MYORACLE"."COMMISSION" MODIFY ("C_PRICE" NOT NULL ENABLE);
--------------------------------------------------------
--  Constraints for Table ITEM
--------------------------------------------------------

  ALTER TABLE "MYORACLE"."ITEM" ADD CONSTRAINT "PK_P_ID" PRIMARY KEY ("P_ID")
  USING INDEX PCTFREE 10 INITRANS 2 MAXTRANS 255 
  STORAGE(INITIAL 65536 NEXT 1048576 MINEXTENTS 1 MAXEXTENTS 2147483645
  PCTINCREASE 0 FREELISTS 1 FREELIST GROUPS 1 BUFFER_POOL DEFAULT FLASH_CACHE DEFAULT CELL_FLASH_CACHE DEFAULT)
  TABLESPACE "USERS"  ENABLE;
 
  ALTER TABLE "MYORACLE"."ITEM" MODIFY ("P_ID" NOT NULL ENABLE);
 
  ALTER TABLE "MYORACLE"."ITEM" MODIFY ("S_ID" NOT NULL ENABLE);
 
  ALTER TABLE "MYORACLE"."ITEM" MODIFY ("P_NAME" NOT NULL ENABLE);
 
  ALTER TABLE "MYORACLE"."ITEM" MODIFY ("P_YEAR" NOT NULL ENABLE);
 
  ALTER TABLE "MYORACLE"."ITEM" MODIFY ("P_PRICE" NOT NULL ENABLE);
--------------------------------------------------------
--  Constraints for Table SELLER
--------------------------------------------------------

  ALTER TABLE "MYORACLE"."SELLER" ADD CONSTRAINT "PK_S_ID" PRIMARY KEY ("S_ID")
  USING INDEX PCTFREE 10 INITRANS 2 MAXTRANS 255 
  STORAGE(INITIAL 65536 NEXT 1048576 MINEXTENTS 1 MAXEXTENTS 2147483645
  PCTINCREASE 0 FREELISTS 1 FREELIST GROUPS 1 BUFFER_POOL DEFAULT FLASH_CACHE DEFAULT CELL_FLASH_CACHE DEFAULT)
  TABLESPACE "USERS"  ENABLE;
 
  ALTER TABLE "MYORACLE"."SELLER" MODIFY ("S_ID" NOT NULL ENABLE);
 
  ALTER TABLE "MYORACLE"."SELLER" MODIFY ("S_NAME" NOT NULL ENABLE);
 
  ALTER TABLE "MYORACLE"."SELLER" MODIFY ("S_TEL" NOT NULL ENABLE);
 
  ALTER TABLE "MYORACLE"."SELLER" MODIFY ("S_ACCOUNT" NOT NULL ENABLE);
--------------------------------------------------------
--  Ref Constraints for Table COMMISSION
--------------------------------------------------------

  ALTER TABLE "MYORACLE"."COMMISSION" ADD FOREIGN KEY ("P_ID")
	  REFERENCES "MYORACLE"."ITEM" ("P_ID") ENABLE;
 
  ALTER TABLE "MYORACLE"."COMMISSION" ADD FOREIGN KEY ("B_ID")
	  REFERENCES "MYORACLE"."BUYER" ("B_ID") ENABLE;
 
  ALTER TABLE "MYORACLE"."COMMISSION" ADD FOREIGN KEY ("S_ID")
	  REFERENCES "MYORACLE"."SELLER" ("S_ID") ENABLE;
--------------------------------------------------------
--  Ref Constraints for Table ITEM
--------------------------------------------------------

  ALTER TABLE "MYORACLE"."ITEM" ADD FOREIGN KEY ("S_ID")
	  REFERENCES "MYORACLE"."SELLER" ("S_ID") ENABLE;
 
  ALTER TABLE "MYORACLE"."ITEM" ADD FOREIGN KEY ("B_ID")
	  REFERENCES "MYORACLE"."BUYER" ("B_ID") ENABLE;
